                  epoch,         train/box_loss,         train/cls_loss,         train/dfl_loss,   metrics/precision(B),      metrics/recall(B),       metrics/mAP50(B),    metrics/mAP50-95(B),           val/box_loss,           val/cls_loss,           val/dfl_loss,                 lr/pg0,                 lr/pg1,                 lr/pg2
                      1,                 1.2693,                 3.3939,                 1.3384,                0.89388,                0.13133,                0.33213,                0.27181,                0.63932,                 3.6462,                0.91857,             0.00020503,             0.00020503,             0.00020503
                      2,                0.70671,                  1.493,                0.95101,                0.54964,                0.55492,                0.57034,                0.47547,                0.59224,                 2.2446,                0.90612,             0.00033151,             0.00033151,             0.00033151
                      3,                0.64105,                 1.2119,                0.91806,                0.88245,                0.68915,                0.77199,                0.66148,                0.52856,                 1.2542,                0.89327,              0.0003755,              0.0003755,              0.0003755
                      4,                0.60864,                 1.0203,                0.90692,                0.95592,                0.73032,                0.79705,                0.68222,                0.49483,                 1.0349,                0.86829,             0.00025375,             0.00025375,             0.00025375
                      5,                0.55918,                0.94174,                0.89328,                0.81957,                0.81871,                0.79606,                0.70118,                0.46558,                0.97587,                0.86392,                0.00013,                0.00013,                0.00013
